anno,area,scopo,notti
2014,IT,BUS,15167000
2014,IT,HOL,246683000
2014,IT,HOLL,204685000
2014,IT,HOLS,41998000
2014,IT,TRIP,261849000
2014,ITC1,BUS,656000
2014,ITC1,HOL,5709000
2014,ITC1,HOLL,3639000
2014,ITC1,HOLS,2070000
2014,ITC1,TRIP,6365000
2014,ITC2,BUS,0
2014,ITC2,HOL,1343000
2014,ITC2,HOLL,965000
2014,ITC2,HOLS,378000
2014,ITC2,TRIP,1343000
2014,ITC3,BUS,399000
2014,ITC3,HOL,10726000
2014,ITC3,HOLL,8226000
2014,ITC3,HOLS,2500000
2014,ITC3,TRIP,11124000
2014,ITC4,BUS,2378000
2014,ITC4,HOL,19000000
2014,ITC4,HOLL,13246000
2014,ITC4,HOLS,5754000
2014,ITC4,TRIP,21378000
2014,ITD1,BUS,211000
2014,ITD1,HOL,4281000
2014,ITD1,HOLL,3442000
2014,ITD1,HOLS,839000
2014,ITD1,TRIP,4492000
2014,ITD2,BUS,88000
2014,ITD2,HOL,9901000
2014,ITD2,HOLL,8116000
2014,ITD2,HOLS,1784000
2014,ITD2,TRIP,9988000
2014,ITD3,BUS,1180000
2014,ITD3,HOL,22882000
2014,ITD3,HOLL,18349000
2014,ITD3,HOLS,4533000
2014,ITD3,TRIP,24062000
2014,ITD4,BUS,77000
2014,ITD4,HOL,3209000
2014,ITD4,HOLL,1726000
2014,ITD4,HOLS,1482000
2014,ITD4,TRIP,3286000
2014,ITD5,BUS,1123000
2014,ITD5,HOL,18690000
2014,ITD5,HOLL,13835000
2014,ITD5,HOLS,4855000
2014,ITD5,TRIP,19813000
2014,ITE1,BUS,1785000
2014,ITE1,HOL,33895000
2014,ITE1,HOLL,29999000
2014,ITE1,HOLS,3896000
2014,ITE1,TRIP,35680000
2014,ITE2,BUS,756000
2014,ITE2,HOL,5817000
2014,ITE2,HOLL,3436000
2014,ITE2,HOLS,2381000
2014,ITE2,TRIP,6573000
2014,ITE3,BUS,973000
2014,ITE3,HOL,3310000
2014,ITE3,HOLL,2563000
2014,ITE3,HOLS,746000
2014,ITE3,TRIP,4283000
2014,ITE4,BUS,2237000
2014,ITE4,HOL,11630000
2014,ITE4,HOLL,8343000
2014,ITE4,HOLS,3287000
2014,ITE4,TRIP,13867000
2014,ITF1,BUS,840000
2014,ITF1,HOL,16958000
2014,ITF1,HOLL,15981000
2014,ITF1,HOLS,977000
2014,ITF1,TRIP,17798000
2014,ITF2,BUS,0
2014,ITF2,HOL,413000
2014,ITF2,HOLL,326000
2014,ITF2,HOLS,86000
2014,ITF2,TRIP,413000
2014,ITF3,BUS,519000
2014,ITF3,HOL,13402000
2014,ITF3,HOLL,11227000
2014,ITF3,HOLS,2175000
2014,ITF3,TRIP,13921000
2014,ITF4,BUS,951000
2014,ITF4,HOL,16602000
2014,ITF4,HOLL,14322000
2014,ITF4,HOLS,2280000
2014,ITF4,TRIP,17553000
2014,ITF5,BUS,56000
2014,ITF5,HOL,1668000
2014,ITF5,HOLL,1441000
2014,ITF5,HOLS,228000
2014,ITF5,TRIP,1724000
2014,ITF6,BUS,20000
2014,ITF6,HOL,16811000
2014,ITF6,HOLL,16550000
2014,ITF6,HOLS,261000
2014,ITF6,TRIP,16832000
2014,ITG1,BUS,358000
2014,ITG1,HOL,18244000
2014,ITG1,HOLL,17588000
2014,ITG1,HOLS,656000
2014,ITG1,TRIP,18601000
2014,ITG2,BUS,560000
2014,ITG2,HOL,12194000
2014,ITG2,HOLL,11364000
2014,ITG2,HOLS,830000
2014,ITG2,TRIP,12754000
2015,IT,BUS,14243000
2015,IT,HOL,229760000
2015,IT,HOLL,190418000
2015,IT,HOLS,39342000
2015,IT,TRIP,244002000
2015,ITC1,BUS,277000
2015,ITC1,HOL,3610000
2015,ITC1,HOLL,1903000
2015,ITC1,HOLS,1707000
2015,ITC1,TRIP,3887000
2015,ITC2,BUS,0
2015,ITC2,HOL,899000
2015,ITC2,HOLL,800000
2015,ITC2,HOLS,100000
2015,ITC2,TRIP,899000
2015,ITC3,BUS,258000
2015,ITC3,HOL,9992000
2015,ITC3,HOLL,8389000
2015,ITC3,HOLS,1602000
2015,ITC3,TRIP,10249000
2015,ITC4,BUS,2755000
2015,ITC4,HOL,12009000
2015,ITC4,HOLL,6678000
2015,ITC4,HOLS,5332000
2015,ITC4,TRIP,14764000
2015,ITD1,BUS,300000
2015,ITD1,HOL,5812000
2015,ITD1,HOLL,4417000
2015,ITD1,HOLS,1395000
2015,ITD1,TRIP,6113000
2015,ITD2,BUS,169000
2015,ITD2,HOL,7834000
2015,ITD2,HOLL,6432000
2015,ITD2,HOLS,1402000
2015,ITD2,TRIP,8002000
2015,ITD3,BUS,1228000
2015,ITD3,HOL,20297000
2015,ITD3,HOLL,16242000
2015,ITD3,HOLS,4055000
2015,ITD3,TRIP,21525000
2015,ITD4,BUS,294000
2015,ITD4,HOL,2361000
2015,ITD4,HOLL,1518000
2015,ITD4,HOLS,843000
2015,ITD4,TRIP,2655000
2015,ITD5,BUS,894000
2015,ITD5,HOL,32719000
2015,ITD5,HOLL,27420000
2015,ITD5,HOLS,5299000
2015,ITD5,TRIP,33613000
2015,ITE1,BUS,901000
2015,ITE1,HOL,17550000
2015,ITE1,HOLL,14243000
2015,ITE1,HOLS,3306000
2015,ITE1,TRIP,18450000
2015,ITE2,BUS,2132000
2015,ITE2,HOL,2723000
2015,ITE2,HOLL,1314000
2015,ITE2,HOLS,1410000
2015,ITE2,TRIP,4855000
2015,ITE3,BUS,584000
2015,ITE3,HOL,8270000
2015,ITE3,HOLL,7093000
2015,ITE3,HOLS,1177000
2015,ITE3,TRIP,8854000
2015,ITE4,BUS,1759000
2015,ITE4,HOL,23991000
2015,ITE4,HOLL,17966000
2015,ITE4,HOLS,6025000
2015,ITE4,TRIP,25750000
2015,ITF1,BUS,198000
2015,ITF1,HOL,7764000
2015,ITF1,HOLL,6776000
2015,ITF1,HOLS,987000
2015,ITF1,TRIP,7962000
2015,ITF2,BUS,0
2015,ITF2,HOL,3519000
2015,ITF2,HOLL,3390000
2015,ITF2,HOLS,129000
2015,ITF2,TRIP,3519000
2015,ITF3,BUS,969000
2015,ITF3,HOL,20251000
2015,ITF3,HOLL,18432000
2015,ITF3,HOLS,1819000
2015,ITF3,TRIP,21220000
2015,ITF4,BUS,432000
2015,ITF4,HOL,18092000
2015,ITF4,HOLL,17703000
2015,ITF4,HOLS,389000
2015,ITF4,TRIP,18524000
2015,ITF5,BUS,70000
2015,ITF5,HOL,5564000
2015,ITF5,HOLL,5371000
2015,ITF5,HOLS,193000
2015,ITF5,TRIP,5634000
2015,ITF6,BUS,219000
2015,ITF6,HOL,6870000
2015,ITF6,HOLL,6648000
2015,ITF6,HOLS,222000
2015,ITF6,TRIP,7090000
2015,ITG1,BUS,730000
2015,ITG1,HOL,8606000
2015,ITG1,HOLL,8239000
2015,ITG1,HOLS,367000
2015,ITG1,TRIP,9336000
2015,ITG2,BUS,73000
2015,ITG2,HOL,11028000
2015,ITG2,HOLL,9444000
2015,ITG2,HOLS,1584000
2015,ITG2,TRIP,11101000
2016,IT,BUS,11994000
2016,IT,HOL,258816000
2016,IT,HOLL,207336000
2016,IT,HOLS,51480000
2016,IT,TRIP,270810000
2016,ITC1,BUS,690000
2016,ITC1,HOL,12282000
2016,ITC1,HOLL,8027000
2016,ITC1,HOLS,4255000
2016,ITC1,TRIP,12972000
2016,ITC2,BUS,12000
2016,ITC2,HOL,5090000
2016,ITC2,HOLL,4790000
2016,ITC2,HOLS,300000
2016,ITC2,TRIP,5102000
2016,ITC3,BUS,847000
2016,ITC3,HOL,13520000
2016,ITC3,HOLL,9249000
2016,ITC3,HOLS,4271000
2016,ITC3,TRIP,14367000
2016,ITC4,BUS,2209000
2016,ITC4,HOL,11883000
2016,ITC4,HOLL,7033000
2016,ITC4,HOLS,4850000
2016,ITC4,TRIP,14092000
2016,ITD1,BUS,171000
2016,ITD1,HOL,9732000
2016,ITD1,HOLL,8018000
2016,ITD1,HOLS,1714000
2016,ITD1,TRIP,9903000
2016,ITD2,BUS,198000
2016,ITD2,HOL,9070000
2016,ITD2,HOLL,7822000
2016,ITD2,HOLS,1248000
2016,ITD2,TRIP,9267000
2016,ITD3,BUS,1139000
2016,ITD3,HOL,22672000
2016,ITD3,HOLL,17861000
2016,ITD3,HOLS,4810000
2016,ITD3,TRIP,23811000
2016,ITD4,BUS,440000
2016,ITD4,HOL,3021000
2016,ITD4,HOLL,1588000
2016,ITD4,HOLS,1433000
2016,ITD4,TRIP,3462000
2016,ITD5,BUS,769000
2016,ITD5,HOL,30470000
2016,ITD5,HOLL,23602000
2016,ITD5,HOLS,6868000
2016,ITD5,TRIP,31239000
2016,ITE1,BUS,980000
2016,ITE1,HOL,28755000
2016,ITE1,HOLL,23643000
2016,ITE1,HOLS,5111000
2016,ITE1,TRIP,29735000
2016,ITE2,BUS,250000
2016,ITE2,HOL,3688000
2016,ITE2,HOLL,755000
2016,ITE2,HOLS,2933000
2016,ITE2,TRIP,3938000
2016,ITE3,BUS,641000
2016,ITE3,HOL,8594000
2016,ITE3,HOLL,7950000
2016,ITE3,HOLS,645000
2016,ITE3,TRIP,9235000
2016,ITE4,BUS,1539000
2016,ITE4,HOL,15515000
2016,ITE4,HOLL,11270000
2016,ITE4,HOLS,4246000
2016,ITE4,TRIP,17054000
2016,ITF1,BUS,19000
2016,ITF1,HOL,6174000
2016,ITF1,HOLL,5216000
2016,ITF1,HOLS,958000
2016,ITF1,TRIP,6193000
2016,ITF2,BUS,156000
2016,ITF2,HOL,2796000
2016,ITF2,HOLL,2638000
2016,ITF2,HOLS,158000
2016,ITF2,TRIP,2952000
2016,ITF3,BUS,388000
2016,ITF3,HOL,14754000
2016,ITF3,HOLL,11230000
2016,ITF3,HOLS,3524000
2016,ITF3,TRIP,15142000
2016,ITF4,BUS,39000
2016,ITF4,HOL,22841000
2016,ITF4,HOLL,21678000
2016,ITF4,HOLS,1164000
2016,ITF4,TRIP,22880000
2016,ITF5,BUS,119000
2016,ITF5,HOL,1151000
2016,ITF5,HOLL,1030000
2016,ITF5,HOLS,121000
2016,ITF5,TRIP,1270000
2016,ITF6,BUS,748000
2016,ITF6,HOL,11392000
2016,ITF6,HOLL,10700000
2016,ITF6,HOLS,692000
2016,ITF6,TRIP,12139000
2016,ITG1,BUS,476000
2016,ITG1,HOL,11962000
2016,ITG1,HOLL,10803000
2016,ITG1,HOLS,1158000
2016,ITG1,TRIP,12438000
2016,ITG2,BUS,165000
2016,ITG2,HOL,13454000
2016,ITG2,HOLL,12434000
2016,ITG2,HOLS,1020000
2016,ITG2,TRIP,13620000
2017,IT,BUS,10852000
2017,IT,HOL,280257000
2017,IT,HOLL,231284000
2017,IT,HOLS,48973000
2017,IT,TRIP,291108000
2017,ITC1,BUS,967000
2017,ITC1,HOL,9646000
2017,ITC1,HOLL,6716000
2017,ITC1,HOLS,2930000
2017,ITC1,TRIP,10613000
2017,ITC2,BUS,39000
2017,ITC2,HOL,2367000
2017,ITC2,HOLL,2052000
2017,ITC2,HOLS,315000
2017,ITC2,TRIP,2406000
2017,ITC3,BUS,448000
2017,ITC3,HOL,16326000
2017,ITC3,HOLL,12734000
2017,ITC3,HOLS,3592000
2017,ITC3,TRIP,16775000
2017,ITC4,BUS,1386000
2017,ITC4,HOL,12307000
2017,ITC4,HOLL,8578000
2017,ITC4,HOLS,3728000
2017,ITC4,TRIP,13693000
2017,ITD1,BUS,6000
2017,ITD1,HOL,8975000
2017,ITD1,HOLL,7712000
2017,ITD1,HOLS,1263000
2017,ITD1,TRIP,8982000
2017,ITD2,BUS,29000
2017,ITD2,HOL,10173000
2017,ITD2,HOLL,8182000
2017,ITD2,HOLS,1990000
2017,ITD2,TRIP,10202000
2017,ITD3,BUS,950000
2017,ITD3,HOL,14783000
2017,ITD3,HOLL,9338000
2017,ITD3,HOLS,5445000
2017,ITD3,TRIP,15732000
2017,ITD4,BUS,0
2017,ITD4,HOL,1914000
2017,ITD4,HOLL,1252000
2017,ITD4,HOLS,662000
2017,ITD4,TRIP,1914000
2017,ITD5,BUS,952000
2017,ITD5,HOL,28974000
2017,ITD5,HOLL,25319000
2017,ITD5,HOLS,3654000
2017,ITD5,TRIP,29926000
2017,ITE1,BUS,829000
2017,ITE1,HOL,32021000
2017,ITE1,HOLL,25268000
2017,ITE1,HOLS,6753000
2017,ITE1,TRIP,32851000
2017,ITE2,BUS,129000
2017,ITE2,HOL,5557000
2017,ITE2,HOLL,4515000
2017,ITE2,HOLS,1042000
2017,ITE2,TRIP,5686000
2017,ITE3,BUS,88000
2017,ITE3,HOL,7202000
2017,ITE3,HOLL,5854000
2017,ITE3,HOLS,1349000
2017,ITE3,TRIP,7291000
2017,ITE4,BUS,1704000
2017,ITE4,HOL,15548000
2017,ITE4,HOLL,11164000
2017,ITE4,HOLS,4383000
2017,ITE4,TRIP,17251000
2017,ITF1,BUS,893000
2017,ITF1,HOL,13640000
2017,ITF1,HOLL,12290000
2017,ITF1,HOLS,1350000
2017,ITF1,TRIP,14533000
2017,ITF2,BUS,0
2017,ITF2,HOL,840000
2017,ITF2,HOLL,667000
2017,ITF2,HOLS,173000
2017,ITF2,TRIP,840000
2017,ITF3,BUS,489000
2017,ITF3,HOL,18960000
2017,ITF3,HOLL,14926000
2017,ITF3,HOLS,4034000
2017,ITF3,TRIP,19449000
2017,ITF4,BUS,531000
2017,ITF4,HOL,29403000
2017,ITF4,HOLL,27171000
2017,ITF4,HOLS,2232000
2017,ITF4,TRIP,29934000
2017,ITF5,BUS,18000
2017,ITF5,HOL,2562000
2017,ITF5,HOLL,2063000
2017,ITF5,HOLS,498000
2017,ITF5,TRIP,2580000
2017,ITF6,BUS,423000
2017,ITF6,HOL,8788000
2017,ITF6,HOLL,8117000
2017,ITF6,HOLS,671000
2017,ITF6,TRIP,9211000
2017,ITG1,BUS,515000
2017,ITG1,HOL,20828000
2017,ITG1,HOLL,19150000
2017,ITG1,HOLS,1678000
2017,ITG1,TRIP,21344000
2017,ITG2,BUS,453000
2017,ITG2,HOL,19444000
2017,ITG2,HOLL,18214000
2017,ITG2,HOLS,1230000
2017,ITG2,TRIP,19897000
2018,IT,BUS,18338000
2018,IT,HOL,291848000
2018,IT,HOLL,236701000
2018,IT,HOLS,55146000
2018,IT,TRIP,310186000
2018,ITC1,BUS,1505000
2018,ITC1,HOL,7973000
2018,ITC1,HOLL,5302000
2018,ITC1,HOLS,2671000
2018,ITC1,TRIP,9478000
2018,ITC2,BUS,0
2018,ITC2,HOL,2442000
2018,ITC2,HOLL,1348000
2018,ITC2,HOLS,1094000
2018,ITC2,TRIP,2442000
2018,ITC3,BUS,635000
2018,ITC3,HOL,18586000
2018,ITC3,HOLL,15359000
2018,ITC3,HOLS,3228000
2018,ITC3,TRIP,19222000
2018,ITC4,BUS,3131000
2018,ITC4,HOL,18426000
2018,ITC4,HOLL,13246000
2018,ITC4,HOLS,5179000
2018,ITC4,TRIP,21556000
2018,ITD1,BUS,174000
2018,ITD1,HOL,10604000
2018,ITD1,HOLL,8432000
2018,ITD1,HOLS,2172000
2018,ITD1,TRIP,10778000
2018,ITD2,BUS,52000
2018,ITD2,HOL,11378000
2018,ITD2,HOLL,10329000
2018,ITD2,HOLS,1049000
2018,ITD2,TRIP,11430000
2018,ITD3,BUS,2860000
2018,ITD3,HOL,19246000
2018,ITD3,HOLL,14380000
2018,ITD3,HOLS,4866000
2018,ITD3,TRIP,22106000
2018,ITD4,BUS,209000
2018,ITD4,HOL,5366000
2018,ITD4,HOLL,3768000
2018,ITD4,HOLS,1598000
2018,ITD4,TRIP,5575000
2018,ITD5,BUS,1157000
2018,ITD5,HOL,26133000
2018,ITD5,HOLL,21094000
2018,ITD5,HOLS,5039000
2018,ITD5,TRIP,27290000
2018,ITE1,BUS,1377000
2018,ITE1,HOL,25298000
2018,ITE1,HOLL,17383000
2018,ITE1,HOLS,7915000
2018,ITE1,TRIP,26675000
2018,ITE2,BUS,309000
2018,ITE2,HOL,3016000
2018,ITE2,HOLL,1802000
2018,ITE2,HOLS,1214000
2018,ITE2,TRIP,3325000
2018,ITE3,BUS,430000
2018,ITE3,HOL,7190000
2018,ITE3,HOLL,6080000
2018,ITE3,HOLS,1110000
2018,ITE3,TRIP,7620000
2018,ITE4,BUS,2109000
2018,ITE4,HOL,17955000
2018,ITE4,HOLL,11552000
2018,ITE4,HOLS,6403000
2018,ITE4,TRIP,20064000
2018,ITF1,BUS,385000
2018,ITF1,HOL,7777000
2018,ITF1,HOLL,6235000
2018,ITF1,HOLS,1542000
2018,ITF1,TRIP,8162000
2018,ITF2,BUS,30000
2018,ITF2,HOL,565000
2018,ITF2,HOLL,456000
2018,ITF2,HOLS,110000
2018,ITF2,TRIP,595000
2018,ITF3,BUS,1505000
2018,ITF3,HOL,18412000
2018,ITF3,HOLL,14712000
2018,ITF3,HOLS,3700000
2018,ITF3,TRIP,19917000
2018,ITF4,BUS,601000
2018,ITF4,HOL,34770000
2018,ITF4,HOLL,32023000
2018,ITF4,HOLS,2747000
2018,ITF4,TRIP,35371000
2018,ITF5,BUS,206000
2018,ITF5,HOL,2845000
2018,ITF5,HOLL,2681000
2018,ITF5,HOLS,165000
2018,ITF5,TRIP,3051000
2018,ITF6,BUS,86000
2018,ITF6,HOL,19499000
2018,ITF6,HOLL,18386000
2018,ITF6,HOLS,1113000
2018,ITF6,TRIP,19585000
2018,ITG1,BUS,1331000
2018,ITG1,HOL,17190000
2018,ITG1,HOLL,15978000
2018,ITG1,HOLS,1212000
2018,ITG1,TRIP,18521000
2018,ITG2,BUS,246000
2018,ITG2,HOL,17177000
2018,ITG2,HOLL,16156000
2018,ITG2,HOLS,1021000
2018,ITG2,TRIP,17423000
2019,IT,BUS,17281000
2019,IT,HOL,261277000
2019,IT,HOLL,214257000
2019,IT,HOLS,47021000
2019,IT,TRIP,278558000
2019,ITC1,BUS,744000
2019,ITC1,HOL,10393000
2019,ITC1,HOLL,7423000
2019,ITC1,HOLS,2969000
2019,ITC1,TRIP,11136000
2019,ITC2,HOL,2737000
2019,ITC2,HOLL,1745000
2019,ITC2,HOLS,992000
2019,ITC2,TRIP,2748000
2019,ITC3,BUS,181000
2019,ITC3,HOL,20136000
2019,ITC3,HOLL,17522000
2019,ITC3,HOLS,2615000
2019,ITC3,TRIP,20317000
2019,ITC4,BUS,3095000
2019,ITC4,HOL,14988000
2019,ITC4,HOLL,10724000
2019,ITC4,HOLS,4263000
2019,ITC4,TRIP,18083000
2019,ITD1,BUS,340000
2019,ITD1,HOL,4919000
2019,ITD1,HOLL,3653000
2019,ITD1,HOLS,1265000
2019,ITD1,TRIP,5259000
2019,ITD2,BUS,550000
2019,ITD2,HOL,13794000
2019,ITD2,HOLL,12315000
2019,ITD2,HOLS,1480000
2019,ITD2,TRIP,14344000
2019,ITD3,BUS,726000
2019,ITD3,HOL,16597000
2019,ITD3,HOLL,11581000
2019,ITD3,HOLS,5015000
2019,ITD3,TRIP,17323000
2019,ITD4,BUS,564000
2019,ITD4,HOL,5223000
2019,ITD4,HOLL,4107000
2019,ITD4,HOLS,1116000
2019,ITD4,TRIP,5787000
2019,ITD5,BUS,1960000
2019,ITD5,HOL,25254000
2019,ITD5,HOLL,20635000
2019,ITD5,HOLS,4620000
2019,ITD5,TRIP,27215000
2019,ITE1,BUS,1790000
2019,ITE1,HOL,21347000
2019,ITE1,HOLL,14450000
2019,ITE1,HOLS,6897000
2019,ITE1,TRIP,23137000
2019,ITE2,BUS,191000
2019,ITE2,HOL,2694000
2019,ITE2,HOLL,1490000
2019,ITE2,HOLS,1205000
2019,ITE2,TRIP,2886000
2019,ITE3,BUS,283000
2019,ITE3,HOL,13584000
2019,ITE3,HOLL,12313000
2019,ITE3,HOLS,1272000
2019,ITE3,TRIP,13868000
2019,ITE4,BUS,2271000
2019,ITE4,HOL,12455000
2019,ITE4,HOLL,7793000
2019,ITE4,HOLS,4662000
2019,ITE4,TRIP,14727000
2019,ITF1,BUS,150000
2019,ITF1,HOL,8598000
2019,ITF1,HOLL,7467000
2019,ITF1,HOLS,1131000
2019,ITF1,TRIP,8748000
2019,ITF2,HOL,4275000
2019,ITF2,HOLL,4126000
2019,ITF2,HOLS,149000
2019,ITF2,TRIP,4281000
2019,ITF3,BUS,744000
2019,ITF3,HOL,15026000
2019,ITF3,HOLL,13204000
2019,ITF3,HOLS,1823000
2019,ITF3,TRIP,15770000
2019,ITF4,BUS,573000
2019,ITF4,HOL,26421000
2019,ITF4,HOLL,24643000
2019,ITF4,HOLS,1778000
2019,ITF4,TRIP,26994000
2019,ITF5,HOL,3238000
2019,ITF5,HOLL,2477000
2019,ITF5,HOLS,761000
2019,ITF5,TRIP,3350000
2019,ITF6,BUS,265000
2019,ITF6,HOL,14690000
2019,ITF6,HOLL,13704000
2019,ITF6,HOLS,986000
2019,ITF6,TRIP,14955000
2019,ITG1,BUS,2202000
2019,ITG1,HOL,13773000
2019,ITG1,HOLL,12498000
2019,ITG1,HOLS,1275000
2019,ITG1,TRIP,15976000
2019,ITG2,BUS,521000
2019,ITG2,HOL,11135000
2019,ITG2,HOLL,10387000
2019,ITG2,HOLS,748000
2019,ITG2,TRIP,11656000
2020,IT,BUS,6596000
2020,IT,HOL,196077000
2020,IT,HOLL,167432000
2020,IT,HOLS,28645000
2020,IT,TRIP,202673000
2020,ITC1,BUS,294000
2020,ITC1,HOL,4525000
2020,ITC1,HOLL,3000000
2020,ITC1,HOLS,1525000
2020,ITC1,TRIP,4819000
2020,ITC2,BUS,0
2020,ITC2,HOL,1796000
2020,ITC2,HOLL,1435000
2020,ITC2,HOLS,361000
2020,ITC2,TRIP,1796000
2020,ITC3,BUS,468000
2020,ITC3,HOL,9099000
2020,ITC3,HOLL,7493000
2020,ITC3,HOLS,1606000
2020,ITC3,TRIP,9567000
2020,ITC4,BUS,1251000
2020,ITC4,HOL,13150000
2020,ITC4,HOLL,10541000
2020,ITC4,HOLS,2609000
2020,ITC4,TRIP,14400000
2020,ITD1,BUS,71000
2020,ITD1,HOL,7598000
2020,ITD1,HOLL,6710000
2020,ITD1,HOLS,888000
2020,ITD1,TRIP,7669000
2020,ITD2,BUS,0
2020,ITD2,HOL,10490000
2020,ITD2,HOLL,8347000
2020,ITD2,HOLS,2144000
2020,ITD2,TRIP,10490000
2020,ITD3,BUS,600000
2020,ITD3,HOL,12539000
2020,ITD3,HOLL,9575000
2020,ITD3,HOLS,2964000
2020,ITD3,TRIP,13140000
2020,ITD4,HOL,2372000
2020,ITD4,HOLL,2012000
2020,ITD4,HOLS,360000
2020,ITD4,TRIP,2426000
2020,ITD5,BUS,455000
2020,ITD5,HOL,18453000
2020,ITD5,HOLL,15104000
2020,ITD5,HOLS,3349000
2020,ITD5,TRIP,18908000
2020,ITE1,BUS,733000
2020,ITE1,HOL,22489000
2020,ITE1,HOLL,18903000
2020,ITE1,HOLS,3586000
2020,ITE1,TRIP,23222000
2020,ITE2,HOL,1646000
2020,ITE2,HOLL,927000
2020,ITE2,HOLS,719000
2020,ITE2,TRIP,1701000
2020,ITE3,BUS,511000
2020,ITE3,HOL,7648000
2020,ITE3,HOLL,6588000
2020,ITE3,HOLS,1060000
2020,ITE3,TRIP,8159000
2020,ITE4,BUS,621000
2020,ITE4,HOL,6573000
2020,ITE4,HOLL,4142000
2020,ITE4,HOLS,2431000
2020,ITE4,TRIP,7195000
2020,ITF1,HOL,5180000
2020,ITF1,HOLL,4546000
2020,ITF1,HOLS,634000
2020,ITF1,TRIP,5378000
2020,ITF2,HOL,1245000
2020,ITF2,HOLL,1070000
2020,ITF2,HOLS,175000
2020,ITF2,TRIP,1341000
2020,ITF3,BUS,221000
2020,ITF3,HOL,13807000
2020,ITF3,HOLL,12612000
2020,ITF3,HOLS,1195000
2020,ITF3,TRIP,14028000
2020,ITF4,BUS,367000
2020,ITF4,HOL,21051000
2020,ITF4,HOLL,20122000
2020,ITF4,HOLS,929000
2020,ITF4,TRIP,21418000
2020,ITF5,HOL,1609000
2020,ITF5,HOLL,1494000
2020,ITF5,HOLS,115000
2020,ITF5,TRIP,1838000
2020,ITF6,BUS,175000
2020,ITF6,HOL,10140000
2020,ITF6,HOLL,10021000
2020,ITF6,HOLS,119000
2020,ITF6,TRIP,10315000
2020,ITG1,BUS,129000
2020,ITG1,HOL,12436000
2020,ITG1,HOLL,11107000
2020,ITG1,HOLS,1329000
2020,ITG1,TRIP,12565000
2020,ITG2,HOL,12231000
2020,ITG2,HOLL,11682000
2020,ITG2,HOLS,548000
2020,ITG2,TRIP,12297000
2021,IT,BUS,10617000
2021,IT,HOL,227150000
2021,IT,HOLL,199427000
2021,IT,HOLS,27723000
2021,IT,TRIP,237767000
2021,ITC1,BUS,562000
2021,ITC1,HOL,5911000
2021,ITC1,HOLL,4298000
2021,ITC1,HOLS,1613000
2021,ITC1,TRIP,6473000
2021,ITC2,HOL,1452000
2021,ITC2,HOLL,1133000
2021,ITC2,HOLS,319000
2021,ITC2,TRIP,1465000
2021,ITC3,BUS,327000
2021,ITC3,HOL,12852000
2021,ITC3,HOLL,11290000
2021,ITC3,HOLS,1562000
2021,ITC3,TRIP,13178000
2021,ITC4,BUS,1365000
2021,ITC4,HOL,12511000
2021,ITC4,HOLL,9659000
2021,ITC4,HOLS,2852000
2021,ITC4,TRIP,13876000
2021,ITD1,BUS,819000
2021,ITD1,HOL,4882000
2021,ITD1,HOLL,4407000
2021,ITD1,HOLS,475000
2021,ITD1,TRIP,5700000
2021,ITD2,HOL,7492000
2021,ITD2,HOLL,5993000
2021,ITD2,HOLS,1498000
2021,ITD2,TRIP,7689000
2021,ITD3,BUS,798000
2021,ITD3,HOL,11294000
2021,ITD3,HOLL,8965000
2021,ITD3,HOLS,2329000
2021,ITD3,TRIP,12092000
2021,ITD4,BUS,476000
2021,ITD4,HOL,3311000
2021,ITD4,HOLL,2570000
2021,ITD4,HOLS,740000
2021,ITD4,TRIP,3787000
2021,ITD5,BUS,868000
2021,ITD5,HOL,22533000
2021,ITD5,HOLL,19232000
2021,ITD5,HOLS,3302000
2021,ITD5,TRIP,23401000
2021,ITE1,BUS,661000
2021,ITE1,HOL,21561000
2021,ITE1,HOLL,17586000
2021,ITE1,HOLS,3976000
2021,ITE1,TRIP,22222000
2021,ITE2,BUS,160000
2021,ITE2,HOL,2481000
2021,ITE2,HOLL,1742000
2021,ITE2,HOLS,740000
2021,ITE2,TRIP,2642000
2021,ITE3,HOL,8601000
2021,ITE3,HOLL,7562000
2021,ITE3,HOLS,1039000
2021,ITE3,TRIP,8741000
2021,ITE4,BUS,2070000
2021,ITE4,HOL,11381000
2021,ITE4,HOLL,9680000
2021,ITE4,HOLS,1701000
2021,ITE4,TRIP,13451000
2021,ITF1,BUS,126000
2021,ITF1,HOL,7183000
2021,ITF1,HOLL,6528000
2021,ITF1,HOLS,655000
2021,ITF1,TRIP,7308000
2021,ITF2,BUS,0
2021,ITF2,HOL,1164000
2021,ITF2,HOLL,1139000
2021,ITF2,TRIP,1164000
2021,ITF3,BUS,345000
2021,ITF3,HOL,16373000
2021,ITF3,HOLL,14825000
2021,ITF3,HOLS,1548000
2021,ITF3,TRIP,16718000
2021,ITF4,BUS,307000
2021,ITF4,HOL,28370000
2021,ITF4,HOLL,27627000
2021,ITF4,HOLS,743000
2021,ITF4,TRIP,28677000
2021,ITF5,HOL,2117000
2021,ITF5,HOLL,1780000
2021,ITF5,HOLS,337000
2021,ITF5,TRIP,2221000
2021,ITF6,BUS,98000
2021,ITF6,HOL,8486000
2021,ITF6,HOLL,8140000
2021,ITF6,HOLS,347000
2021,ITF6,TRIP,8585000
2021,ITG1,BUS,1018000
2021,ITG1,HOL,19150000
2021,ITG1,HOLL,17805000
2021,ITG1,HOLS,1345000
2021,ITG1,TRIP,20169000
2021,ITG2,BUS,162000
2021,ITG2,HOL,18045000
2021,ITG2,HOLL,17469000
2021,ITG2,HOLS,576000
2021,ITG2,TRIP,18207000
2022,IT,BUS,9581000
2022,IT,HOL,245795000
2022,IT,HOLL,204658000
2022,IT,HOLS,41136000
2022,IT,TRIP,255376000
2022,ITC1,BUS,324000
2022,ITC1,HOL,8652000
2022,ITC1,HOLL,6077000
2022,ITC1,HOLS,2575000
2022,ITC1,TRIP,8977000
2022,ITC2,HOL,7161000
2022,ITC2,HOLL,6141000
2022,ITC2,HOLS,1021000
2022,ITC2,TRIP,7191000
2022,ITC3,BUS,478000
2022,ITC3,HOL,11612000
2022,ITC3,HOLL,9433000
2022,ITC3,HOLS,2179000
2022,ITC3,TRIP,12090000
2022,ITC4,BUS,1706000
2022,ITC4,HOL,15438000
2022,ITC4,HOLL,10943000
2022,ITC4,HOLS,4495000
2022,ITC4,TRIP,17144000
2022,ITD1,HOL,6408000
2022,ITD1,HOLL,5264000
2022,ITD1,HOLS,1144000
2022,ITD1,TRIP,6537000
2022,ITD2,HOL,7020000
2022,ITD2,HOLL,5464000
2022,ITD2,HOLS,1556000
2022,ITD2,TRIP,7150000
2022,ITD3,BUS,1059000
2022,ITD3,HOL,15946000
2022,ITD3,HOLL,10894000
2022,ITD3,HOLS,5052000
2022,ITD3,TRIP,17005000
2022,ITD4,HOL,5549000
2022,ITD4,HOLL,4849000
2022,ITD4,HOLS,700000
2022,ITD4,TRIP,5586000
2022,ITD5,BUS,949000
2022,ITD5,HOL,25673000
2022,ITD5,HOLL,22233000
2022,ITD5,HOLS,3440000
2022,ITD5,TRIP,26623000
2022,ITE1,BUS,1049000
2022,ITE1,HOL,25208000
2022,ITE1,HOLL,20026000
2022,ITE1,HOLS,5182000
2022,ITE1,TRIP,26257000
2022,ITE2,BUS,25000
2022,ITE2,HOL,3803000
2022,ITE2,HOLL,2816000
2022,ITE2,HOLS,987000
2022,ITE2,TRIP,3828000
2022,ITE3,BUS,757000
2022,ITE3,HOL,7926000
2022,ITE3,HOLL,6837000
2022,ITE3,HOLS,1089000
2022,ITE3,TRIP,8683000
2022,ITE4,BUS,1002000
2022,ITE4,HOL,13838000
2022,ITE4,HOLL,9726000
2022,ITE4,HOLS,4113000
2022,ITE4,TRIP,14840000
2022,ITF1,HOL,6799000
2022,ITF1,HOLL,5766000
2022,ITF1,HOLS,1033000
2022,ITF1,TRIP,6908000
2022,ITF2,HOL,216000
2022,ITF2,HOLL,211000
2022,ITF2,TRIP,333000
2022,ITF3,BUS,469000
2022,ITF3,HOL,17383000
2022,ITF3,HOLL,15325000
2022,ITF3,HOLS,2059000
2022,ITF3,TRIP,17853000
2022,ITF4,BUS,395000
2022,ITF4,HOL,19148000
2022,ITF4,HOLL,17760000
2022,ITF4,HOLS,1388000
2022,ITF4,TRIP,19543000
2022,ITF5,HOL,2353000
2022,ITF5,HOLL,2151000
2022,ITF5,HOLS,202000
2022,ITF5,TRIP,2406000
2022,ITF6,BUS,70000
2022,ITF6,HOL,11107000
2022,ITF6,HOLL,10643000
2022,ITF6,HOLS,463000
2022,ITF6,TRIP,11177000
2022,ITG1,BUS,466000
2022,ITG1,HOL,18402000
2022,ITG1,HOLL,16807000
2022,ITG1,HOLS,1595000
2022,ITG1,TRIP,18868000
2022,ITG2,BUS,228000
2022,ITG2,HOL,16150000
2022,ITG2,HOLL,15291000
2022,ITG2,HOLS,859000
2022,ITG2,TRIP,16378000
2023,IT,BUS,10999000
2023,IT,HOL,224708000
2023,IT,HOLL,188076000
2023,IT,HOLS,36633000
2023,IT,TRIP,235707000
2023,ITC1,BUS,482000
2023,ITC1,HOL,4978000
2023,ITC1,HOLL,3395000
2023,ITC1,HOLS,1583000
2023,ITC1,TRIP,5460000
2023,ITC2,HOL,3920000
2023,ITC2,HOLL,3342000
2023,ITC2,HOLS,579000
2023,ITC2,TRIP,3953000
2023,ITC3,BUS,472000
2023,ITC3,HOL,14889000
2023,ITC3,HOLL,12419000
2023,ITC3,HOLS,2470000
2023,ITC3,TRIP,15361000
2023,ITC4,BUS,1019000
2023,ITC4,HOL,13805000
2023,ITC4,HOLL,10083000
2023,ITC4,HOLS,3722000
2023,ITC4,TRIP,14824000
2023,ITD1,HOL,5375000
2023,ITD1,HOLL,4554000
2023,ITD1,HOLS,821000
2023,ITD1,TRIP,5495000
2023,ITD2,BUS,182000
2023,ITD2,HOL,7399000
2023,ITD2,HOLL,6384000
2023,ITD2,HOLS,1016000
2023,ITD2,TRIP,7581000
2023,ITD3,BUS,670000
2023,ITD3,HOL,14173000
2023,ITD3,HOLL,10237000
2023,ITD3,HOLS,3936000
2023,ITD3,TRIP,14842000
2023,ITD4,BUS,202000
2023,ITD4,HOL,4367000
2023,ITD4,HOLL,3653000
2023,ITD4,HOLS,714000
2023,ITD4,TRIP,4569000
2023,ITD5,BUS,958000
2023,ITD5,HOL,19640000
2023,ITD5,HOLL,15229000
2023,ITD5,HOLS,4411000
2023,ITD5,TRIP,20598000
2023,ITE1,BUS,1138000
2023,ITE1,HOL,23645000
2023,ITE1,HOLL,18887000
2023,ITE1,HOLS,4758000
2023,ITE1,TRIP,24783000
2023,ITE2,BUS,415000
2023,ITE2,HOL,2336000
2023,ITE2,HOLL,742000
2023,ITE2,HOLS,1594000
2023,ITE2,TRIP,2751000
2023,ITE3,BUS,208000
2023,ITE3,HOL,4735000
2023,ITE3,HOLL,4139000
2023,ITE3,HOLS,596000
2023,ITE3,TRIP,4943000
2023,ITE4,BUS,3262000
2023,ITE4,HOL,11656000
2023,ITE4,HOLL,8575000
2023,ITE4,HOLS,3081000
2023,ITE4,TRIP,14919000
2023,ITF1,BUS,120000
2023,ITF1,HOL,7885000
2023,ITF1,HOLL,7326000
2023,ITF1,HOLS,560000
2023,ITF1,TRIP,8005000
2023,ITF2,BUS,0
2023,ITF2,HOL,219000
2023,ITF2,HOLL,216000
2023,ITF2,TRIP,219000
2023,ITF3,BUS,429000
2023,ITF3,HOL,17797000
2023,ITF3,HOLL,15041000
2023,ITF3,HOLS,2755000
2023,ITF3,TRIP,18226000
2023,ITF4,BUS,591000
2023,ITF4,HOL,13932000
2023,ITF4,HOLL,12511000
2023,ITF4,HOLS,1421000
2023,ITF4,TRIP,14523000
2023,ITF5,HOL,4036000
2023,ITF5,HOLL,3562000
2023,ITF5,HOLS,474000
2023,ITF5,TRIP,4180000
2023,ITF6,HOL,16102000
2023,ITF6,HOLL,15499000
2023,ITF6,HOLS,603000
2023,ITF6,TRIP,16245000
2023,ITG1,BUS,354000
2023,ITG1,HOL,15439000
2023,ITG1,HOLL,14440000
2023,ITG1,HOLS,999000
2023,ITG1,TRIP,15793000
2023,ITG2,HOL,18380000
2023,ITG2,HOLL,17842000
2023,ITG2,HOLS,538000
2023,ITG2,TRIP,18438000
2024,IT,BUS,8999000
2024,IT,HOL,218350000
2024,IT,HOLL,185790000
2024,IT,HOLS,32560000
2024,IT,TRIP,227349000
2024,ITC1,BUS,377000
2024,ITC1,HOL,4789000
2024,ITC1,HOLL,3285000
2024,ITC1,HOLS,1504000
2024,ITC1,TRIP,5166000
2024,ITC2,BUS,0
2024,ITC2,HOL,4809000
2024,ITC2,HOLL,4424000
2024,ITC2,HOLS,385000
2024,ITC2,TRIP,4809000
2024,ITC3,BUS,120000
2024,ITC3,HOL,14186000
2024,ITC3,HOLL,12368000
2024,ITC3,HOLS,1819000
2024,ITC3,TRIP,14307000
2024,ITC4,BUS,910000
2024,ITC4,HOL,12043000
2024,ITC4,HOLL,8433000
2024,ITC4,HOLS,3610000
2024,ITC4,TRIP,12952000
2024,ITD1,HOL,5539000
2024,ITD1,HOLL,4638000
2024,ITD1,HOLS,902000
2024,ITD1,TRIP,5616000
2024,ITD2,BUS,46000
2024,ITD2,HOL,10548000
2024,ITD2,HOLL,9523000
2024,ITD2,HOLS,1025000
2024,ITD2,TRIP,10594000
2024,ITD3,BUS,653000
2024,ITD3,HOL,12569000
2024,ITD3,HOLL,9399000
2024,ITD3,HOLS,3170000
2024,ITD3,TRIP,13222000
2024,ITD4,BUS,118000
2024,ITD4,HOL,3318000
2024,ITD4,HOLL,2848000
2024,ITD4,HOLS,470000
2024,ITD4,TRIP,3436000
2024,ITD5,BUS,964000
2024,ITD5,HOL,20590000
2024,ITD5,HOLL,16685000
2024,ITD5,HOLS,3905000
2024,ITD5,TRIP,21554000
2024,ITE1,BUS,849000
2024,ITE1,HOL,22652000
2024,ITE1,HOLL,18650000
2024,ITE1,HOLS,4001000
2024,ITE1,TRIP,23500000
2024,ITE2,BUS,250000
2024,ITE2,HOL,2067000
2024,ITE2,HOLL,805000
2024,ITE2,HOLS,1262000
2024,ITE2,TRIP,2318000
2024,ITE3,BUS,170000
2024,ITE3,HOL,4652000
2024,ITE3,HOLL,3965000
2024,ITE3,HOLS,687000
2024,ITE3,TRIP,4823000
2024,ITE4,BUS,3234000
2024,ITE4,HOL,10311000
2024,ITE4,HOLL,7959000
2024,ITE4,HOLS,2352000
2024,ITE4,TRIP,13545000
2024,ITF1,BUS,45000
2024,ITF1,HOL,8243000
2024,ITF1,HOLL,7533000
2024,ITF1,HOLS,709000
2024,ITF1,TRIP,8287000
2024,ITF2,BUS,0
2024,ITF2,HOL,169000
2024,ITF2,HOLL,169000
2024,ITF2,HOLS,0
2024,ITF2,TRIP,169000
2024,ITF3,BUS,171000
2024,ITF3,HOL,16818000
2024,ITF3,HOLL,13687000
2024,ITF3,HOLS,3131000
2024,ITF3,TRIP,16989000
2024,ITF4,BUS,606000
2024,ITF4,HOL,13993000
2024,ITF4,HOLL,12550000
2024,ITF4,HOLS,1442000
2024,ITF4,TRIP,14599000
2024,ITF5,BUS,0
2024,ITF5,HOL,3944000
2024,ITF5,HOLL,3459000
2024,ITF5,HOLS,485000
2024,ITF5,TRIP,3944000
2024,ITF6,HOL,15969000
2024,ITF6,HOLL,15509000
2024,ITF6,HOLS,460000
2024,ITF6,TRIP,16176000
2024,ITG1,BUS,118000
2024,ITG1,HOL,13280000
2024,ITG1,HOLL,12428000
2024,ITG1,HOLS,851000
2024,ITG1,TRIP,13398000
2024,ITG2,HOL,17861000
2024,ITG2,HOLL,17472000
2024,ITG2,HOLS,389000
2024,ITG2,TRIP,17946000
2025,IT,BUS,8922000
2025,IT,HOL,240574000
2025,IT,HOLL,208106000
2025,IT,HOLS,32467000
2025,IT,TRIP,249496000
2025,ITC1,BUS,120000
2025,ITC1,HOL,4553000
2025,ITC1,HOLL,2961000
2025,ITC1,HOLS,1592000
2025,ITC1,TRIP,4673000
2025,ITC2,BUS,0
2025,ITC2,HOL,4323000
2025,ITC2,HOLL,4069000
2025,ITC2,HOLS,253000
2025,ITC2,TRIP,4323000
2025,ITC3,HOL,14366000
2025,ITC3,HOLL,13033000
2025,ITC3,HOLS,1333000
2025,ITC3,TRIP,14377000
2025,ITC4,BUS,1742000
2025,ITC4,HOL,14996000
2025,ITC4,HOLL,11432000
2025,ITC4,HOLS,3564000
2025,ITC4,TRIP,16738000
2025,ITD1,BUS,0
2025,ITD1,HOL,5156000
2025,ITD1,HOLL,4502000
2025,ITD1,HOLS,654000
2025,ITD1,TRIP,5156000
2025,ITD2,HOL,6152000
2025,ITD2,HOLL,4319000
2025,ITD2,HOLS,1833000
2025,ITD2,TRIP,6273000
2025,ITD3,BUS,800000
2025,ITD3,HOL,19943000
2025,ITD3,HOLL,16721000
2025,ITD3,HOLS,3223000
2025,ITD3,TRIP,20743000
2025,ITD4,HOL,6363000
2025,ITD4,HOLL,5475000
2025,ITD4,HOLS,887000
2025,ITD4,TRIP,6458000
2025,ITD5,BUS,756000
2025,ITD5,HOL,22446000
2025,ITD5,HOLL,17526000
2025,ITD5,HOLS,4920000
2025,ITD5,TRIP,23201000
2025,ITE1,BUS,1029000
2025,ITE1,HOL,25297000
2025,ITE1,HOLL,22681000
2025,ITE1,HOLS,2616000
2025,ITE1,TRIP,26326000
2025,ITE2,HOL,2224000
2025,ITE2,HOLL,621000
2025,ITE2,HOLS,1602000
2025,ITE2,TRIP,2342000
2025,ITE3,HOL,7777000
2025,ITE3,HOLL,6997000
2025,ITE3,HOLS,780000
2025,ITE3,TRIP,7832000
2025,ITE4,BUS,1799000
2025,ITE4,HOL,9664000
2025,ITE4,HOLL,6649000
2025,ITE4,HOLS,3016000
2025,ITE4,TRIP,11464000
2025,ITF1,HOL,5893000
2025,ITF1,HOLL,4548000
2025,ITF1,HOLS,1346000
2025,ITF1,TRIP,5988000
2025,ITF2,BUS,0
2025,ITF2,HOL,271000
2025,ITF2,HOLL,243000
2025,ITF2,TRIP,271000
2025,ITF3,BUS,243000
2025,ITF3,HOL,12257000
2025,ITF3,HOLL,10857000
2025,ITF3,HOLS,1400000
2025,ITF3,TRIP,12500000
2025,ITF4,HOL,24934000
2025,ITF4,HOLL,24196000
2025,ITF4,HOLS,737000
2025,ITF4,TRIP,24986000
2025,ITF5,HOL,4196000
2025,ITF5,HOLL,4035000
2025,ITF5,HOLS,161000
2025,ITF5,TRIP,4204000
2025,ITF6,HOL,10112000
2025,ITF6,HOLL,9967000
2025,ITF6,HOLS,145000
2025,ITF6,TRIP,10188000
2025,ITG1,BUS,1134000
2025,ITG1,HOL,20934000
2025,ITG1,HOLL,20064000
2025,ITG1,HOLS,870000
2025,ITG1,TRIP,22067000
2025,ITG2,BUS,669000
2025,ITG2,HOL,18717000
2025,ITG2,HOLL,17211000
2025,ITG2,HOLS,1506000
2025,ITG2,TRIP,19386000
